id,city,date_of_birth,email,first_name,last_name,phone_number,postal_code,street_address,calling_name,national_identification_number,phone_number_nightly
47,Vantaa,24.3.1971,a.l.seppanen@demodomain.fi,Anna Leena,Seppänen,0500 442345,01541,Koivikkotie 50 A 5,Anna,240371-2361,
60,Lahti,12.3.1981,vahvistukset@tkoy.com,Kalevi,Lahtinen,040-600509,00001,Lahtikatu 1,Kalevi,120381-025D,
62,Helsinki,12.10.1982,testaaja@tkoy.com,Taisto,Hartikainen,0500405894,00970,Metsänhoitajantie 70 B 15,Taisto,121082-223C,0500405894
64,Helsinki,1.3.1960,vahvistukset@tkoy.com,Pekka,Virtamäki,040 7008000,00940,Virtakatu 10 C 25,Pekka,010360-031C,
72,Helsinki,12.12.1984,jaana.koskela@tkoy.com,Jaana,Koskela,045-723502,00940,Naapurintie 6 F 32,Jaana,121284-1244,
106,Helsinki,10.10.1942,lasse.kaitluoto@demodomain.fi,Lasse Matti Johannes,Kaitluoto,09 4818562,00130,Annankatu 62 E 88,Lasse,101042-993P,09 7422502
115,Helsinki,25.9.1957,mauri.kukkaketo@demodomain.fi,Mauri Juhani,Kukkaketo,09 7818079,00100,Aleksanterinkatu 77 I 15,Mauri,250957-110H,09 6471650
117,Helsinki,20.2.1960,outi.mäkinen@demodomain.fi,Outi Kristiina Aliina,Mäkinen,09 6907395,00110,Hallituskatu 42 I 99,Outi,200260-072Q,09 862298
120,Helsinki,20.7.1953,simo-pekka.lehto@demodomain.fi,Simo-Pekka,Lehto,09 692210,00110,Merikatu 74 H 60,Simo-Pekka,200753-1650,09 7156108
121,Helsinki,7.3.1941,seppo.jansson@demodomain.fi,Seppo Juhani,Jansson,09 1271693,00110,Kapteeninkatu 74 J 37,Seppo,070341-147Y,09 1566910
123,Helsinki,13.11.1945,kirsi.heiskanen@demodomain.fi,Kirsi Helena,Heiskanen,09 849386,00110,Mikonkatu 49 B 6,Kirsi,131145-017G,09 6442727
124,Helsinki,18.9.1966,jarno.harju@demodomain.fi,Jarno Mikael,Harju,09 3833886,00160,Vuorikatu 51 K 94,Jarno,180966-725H,09 8715429
127,Helsinki,20.12.1933,aira.ahopiha@demodomain.fi,Aira Annikki,Ahopiha,050 191940,00140,Keskuskatu 100 J 74,Aira,201233-6397,09 1846583
129,Helsinki,24.8.1963,janne.gustafsson@demodomain.fi,Janne Ilmari,Gustafsson,0500 3418201,00100,Mannerheimintie 54 H 55,Janne,240863-6851,09 4896161
130,Helsinki,17.7.1940,olli.pesonen@demodomain.fi,Olli Heikki,Pesonen,09 1850470,00110,Kapteeninkatu 89 H 56,Olli,170740-6522,09 2958292
131,Helsinki,3.7.1946,anne.ekokallio@demodomain.fi,Anne Maritta,Ekokallio,09 3915236,00130,Annankatu 21 L 7,Anne,030746-297T,09 118676
136,Helsinki,11.9.1937,tuula.nikander@demodomain.fi,Tuula,Nikander,09 2722599,00120,Bulevardi 96 K 63,Tuula,110937-346T,09 5730959
138,Helsinki,18.6.1954,jarmo.hiltunen@demodomain.fi,Jarmo,Hiltunen,09 6486782,00110,Hallituskatu 79 G 41,Jarmo,180654-438R,09 4433221
144,Helsinki,22.4.1955,jorma.ohraluhta@demodomain.fi,Jorma,Ohraluhta,2380770,00130,Annankatu 59 H 54,Jorma,220455-738I,09 6428002
152,Helsinki,23.7.1940,timo.enonsalo@demodomain.fi,Timo Kalervo,Enonsalo,5392847,00120,Bulevardi 1 I 94,Timo,230740-465C,7872103
155,Helsinki,12.7.1951,seija.aaltonen@demodomain.fi,Seija Marjatta,Aaltonen,09 5854873,00110,Tehtaankatu 17 C 68,Seija,120751-275B,09 645363
156,Helsinki,8.1.1958,heidi.honkanen@demodomain.fi,Heidi,Honkanen,2102789,00140,Keskuskatu 43 B 32,Heidi,080158-452R,2470276
157,Helsinki,7.2.1939,ulla-maija.grönroos@demodomain.fi,Ulla-Maija,Grönroos,6984847,00110,Mikonkatu 95 A 87,Ulla-Maija,070239-516A,189379
158,Helsinki,24.10.1943,marja-liisa.sahalampi@demodomain.fi,Marja-Liisa,Sahalampi,5941100,00140,Keskuskatu 97 C 5,Marja-Liisa,241043-526F,4893293
159,Helsinki,3.10.1950,anne.kainuunmäki@demodomain.fi,Anne Maria,Kainuunmäki,3595766,00130,Annankatu 57 I 24,Anne,031050-884S,3730508
162,Helsinki,9.7.1953,evita.blom@demodomain.fi,Evita,Blom,3418702,00110,Merikatu 30 K 13,Evita,090753-012G,3199201
167,Helsinki,21.11.1956,hannele.erjasmaa@demodomain.fi,Hannele,Erjasmaa,7867854,00110,Kapteeninkatu 54 C 16,Hannele,211156-389F,1211009
169,Helsinki,17.7.1956,toivo.henriksson@demodomain.fi,Toivo,Henriksson,641802,00110,Tehtaankatu 96 E 61,Toivo,170756-497T,2885881
170,Helsinki,27.12.1965,timo.aarikki@demodomain.fi,Timo Kimmo Tapio,Aarikki,991350,00110,Hallituskatu 74 H 19,Timo,271265-418O,5115624
174,Helsinki,17.10.1954,kai.fagerström@demodomain.fi,Kai,Fagerström,040 2828362,00120,Pohjois-Esplanadi 85 E 69,Kai,171054-279W,90 7634842
175,Helsinki,1.3.1953,olli.salo@demodomain.fi,Olli,Salo,90 6823825,00140,Uudenmaankatu 38 E 21,Olli,010353-313L,90 3844935
177,Helsinki,19.7.1953,linda.hatve@demodomain.fi,Linda,Hatve,2720484,00140,Keskuskatu 9 H 85,Linda,190753-149J,8672820
181,Helsinki,20.7.1960,heikki.pulkkinen@demodomain.fi,Heikki,Pulkkinen,4758235,00140,Keskuskatu 38 K 76,Heikki,200760-753Q,8792851
183,Helsinki,24.3.1957,pertti.kajander@demodomain.fi,Pertti Olavi,Kajander,1322759,00100,Mannerheimintie 71 K 43,Pertti,240357-2881,6703065
186,Helsinki,15.7.1955,kari-pekka.ahlgren@demodomain.fi,Kari-Pekka,Ahlgren,2821617,00100,Aleksanterinkatu 4 H 22,Kari-Pekka,150755-0341,2550848
187,Helsinki,1.9.1961,marja.hakapalo@demodomain.fi,Marja,Hakapalo,7648302,00110,Hallituskatu 99 E 34,Marja,010961-680L,971406
189,Helsinki,21.9.1952,tiina-maarit.grönholm@demodomain.fi,Tiina-Maarit,Grönholm,1476666,00130,Kasarminkatu 97 F 65,Tiina-Maarit,210952-582U,3318660
193,Helsinki,20.2.1962,matti.onkijärvi@demodomain.fi,Matti Markko Petteri,Onkijärvi,09 5132830,00160,Vuorikatu 96 J 46,Matti,200262-740E,7684618
194,Helsinki,23.11.1959,jarmo.laaksonen@demodomain.fi,Jarmo,Laaksonen,040 8764024,00100,Mannerheimintie 30 F 63,Jarmo,231159-938J,90 5600170
195,Helsinki,9.2.1976,anne-mari.helander@demodomain.fi,Anne-Mari,Helander,8802901,00110,Kapteeninkatu 48 H 86,Anne-Mari,090276-976G,4795159
197,Helsinki,14.3.1957,mika.holmström@demodomain.fi,Mika Ilari,Holmström,050 668550,00120,Erottaja 19 F 44,Mika,140357-999S,90 4244852
199,Helsinki,22.5.1956,kalle.bergström@demodomain.fi,Kalle,Bergström,4582567,00140,Keskuskatu 38 G 69,Kalle,220556-176S,2542175
201,Helsinki,20.8.1950,jarmo.björklund@demodomain.fi,Jarmo Juhani,Björklund,5569268,00160,Vuorikatu 84 J 79,Jarmo,200850-198E,5937519
203,Helsinki,1.2.1959,nina.blomqvist@demodomain.fi,Nina,Blomqvist,040 1101921,00100,Mannerheimintie 49 G 75,Nina,010259-050T,90 1748107
1000047,Vantaa,3.3.1970,,Jarmo Oskari,Seppänen,,01541,Koivikkotie 50 A 5,Jarmo,030370-2232,
1000062,Helsinki,10.7.1983,sanna.hartikainen@demodomain.fi,Sanna,Hartikainen,0505543245,00970,Metsänhoitajantie 70 B 15,Sanna,100783-0242,0505543245
1000064,Helsinki,3.12.1960,elina.virtamaki@demodomain.fi,Elina,Virtamäki,050 3004000,00940,Virtakatu 10 C 25,Elina,031260-2234,
1000117,Helsinki,22.6.1955,heikki.nuottio@demodomain.fi,Heikki,Nuottio,2281892,00110,Tehtaankatu 100 D 40,Heikki,220655-364Z,6415250
1000120,Helsinki,19.10.1953,heidi.erjasmaa@demodomain.fi,Heidi,Erjasmaa,2309535,00140,Keskuskatu 93 B 13,Heidi,191053-960N,2637884
1000129,Helsinki,13.11.1957,sylvie.gustafsson@demodomain.fi,Sylvie Sophie,Gustafsson,09 3996380,00130,Kasarminkatu 90 H 77,Sylvie,131157-065N,09 2893907
1000131,Helsinki,23.7.1940,timo.enonsalo@demodomain.fi,Timo Kalervo,Enonsalo,5392847,00120,Bulevardi 1 I 94,Timo,230740-465C,7872103
1000138,Helsinki,8.1.1958,heidi.honkanen@demodomain.fi,Heidi,Honkanen,2102789,00140,Keskuskatu 43 B 32,Heidi,080158-452R,2470276
1000144,Helsinki,11.11.1959,sirkka-liisa.ohraluhta@demodomain.fi,Sirkka-Liisa,Ohraluhta,3856682,00110,Tehtaankatu 45 E 93,Sirkka-Liisa,111159-7791,09 6790954
1000156,Helsinki,12.2.1951,risto.hänninen@demodomain.fi,Risto Kalevi,Hänninen,09 7494325,00110,Mikonkatu 69 K 51,Risto,120251-3459,09 8392780
1000157,Helsinki,1.1.1940,erkki.erosniemi@demodomain.fi,Erkki Lauri,Erosniemi,4879608,00100,Aleksanterinkatu 6 B 8,Erkki,010140-189B,5387875
1000162,Helsinki,11.9.1958,juha.blom@demodomain.fi,Juha Ilmari,Blom,09 3294593,00130,Annankatu 18 F 32,Juha,110958-9391,09 150195
1000167,Helsinki,11.10.1962,kari.backman@demodomain.fi,Kari Antero,Backman,09 1683798,00100,Mannerheimintie 53 K 56,Kari,111062-854L,3314732
1000169,Helsinki,11.3.1958,anne.halonen@demodomain.fi,Anne Maarit,Halonen,09 4435918,00110,Kapteeninkatu 50 G 60,Anne,110358-343Y,09 5268999
1000170,Helsinki,23.9.1963,sari.aikava@demodomain.fi,Sari Minna Hannele,Aikava,09 8975540,00150,Liisankatu 23 F 59,Sari,230963-007D,09 3600769
1000174,Helsinki,12.1.1951,outi.forsberg@demodomain.fi,Outi,Forsberg,3557406,00140,Keskuskatu 88 K 96,Outi,120151-041B,5477884
1000175,Helsinki,16.12.1956,leena.salminen@demodomain.fi,Leena,Salminen,09 2890221,00120,Bulevardi 33 K 11,Leena,161256-946V,09 2670820
1000181,Helsinki,21.8.1957,riitta.pulkkinen@demodomain.fi,Riitta,Pulkkinen,010 7442772,00150,Liisankatu 72 F 11,Riitta,210857-176W,90 6214336
1000186,Helsinki,28.7.1956,marianne.aittajoki@demodomain.fi,Marianne,Aittajoki,050 6345552,00160,Vuorikatu 90 D 4,Marianne,280756-708L,90 8368226
1000187,Helsinki,1.11.1960,juha.helenius@demodomain.fi,Juha Pekka,Helenius,09 1934387,00110,Merikatu 64 D 67,Juha,011160-148N,09 5196879
1000193,Helsinki,7.11.1971,paula.pentta@demodomain.fi,Paula Mikaela,Pentta,040 810584,00140,Uudenmaankatu 7 L 86,Paula,071171-297U,09 5447926
1000194,Helsinki,22.11.1956,mervi.leino@demodomain.fi,Mervi,Leino,90 2963706,00160,Vuorikatu 22 G 22,Mervi,221156-1123,90 7986560
1000195,Helsinki,7.1.1972,teemu.kuuselma@demodomain.fi,Teemu Kristian,Kuuselma,2526239,00120,Pohjois-Esplanadi 65 K 51,Teemu,070172-161G,3313944
1000197,Helsinki,17.11.1958,anja.holmström@demodomain.fi,Anja Marja,Holmström,09 7820836,00110,Mikonkatu 67 K 87,Anja,171158-149Y,09 4562825
1000199,Helsinki,15.8.1959,marita.etäkorpi@demodomain.fi,Marita,Etäkorpi,3207980,00110,Mikonkatu 52 C 6,Marita,150859-691R,2529514